{
  "project": "Smart Fan Share-of-Voice (SoV) AI Agent",
  "query": "smart fan",
  "total_items": 273,
  "brands": [
    "Atomberg",
    "Atomberg Renesa",
    "Atomberg Efficio",
    "Atomberg Studio",
    "Orient",
    "Havells",
    "Usha",
    "Crompton",
    "Luminous",
    "Bajaj",
    "Polycab",
    "V-Guard",
    "Anchor",
    "Panasonic"
  ],
  "rms": {
    "totals": {
      "Atomberg": 220,
      "Atomberg Renesa": 98,
      "Atomberg Efficio": 0,
      "Atomberg Studio": 12,
      "Orient": 16,
      "Havells": 10,
      "Usha": 0,
      "Crompton": 14,
      "Luminous": 0,
      "Bajaj": 2,
      "Polycab": 12,
      "V-Guard": 4,
      "Anchor": 0,
      "Panasonic": 0
    },
    "share": {
      "Atomberg": 0.5670103092783505,
      "Atomberg Renesa": 0.25257731958762886,
      "Atomberg Efficio": 0.0,
      "Atomberg Studio": 0.030927835051546393,
      "Orient": 0.041237113402061855,
      "Havells": 0.02577319587628866,
      "Usha": 0.0,
      "Crompton": 0.03608247422680412,
      "Luminous": 0.0,
      "Bajaj": 0.005154639175257732,
      "Polycab": 0.030927835051546393,
      "V-Guard": 0.010309278350515464,
      "Anchor": 0.0,
      "Panasonic": 0.0
    }
  },
  "wsov": {
    "totals": {
      "Atomberg": 104.80909355229305,
      "Atomberg Renesa": 39.35606561719807,
      "Atomberg Efficio": 0,
      "Atomberg Studio": 4.230809300046865,
      "Orient": 5.432101865210543,
      "Havells": 8.198501994882516,
      "Usha": 0,
      "Crompton": 22.275564695129418,
      "Luminous": 0,
      "Bajaj": 2.763742807159006,
      "Polycab": 4.746942169133845,
      "V-Guard": 7.658139465279466,
      "Anchor": 0,
      "Panasonic": 0
    },
    "share": {
      "Atomberg": 0.5254353454850269,
      "Atomberg Renesa": 0.19730223049955414,
      "Atomberg Efficio": 0.0,
      "Atomberg Studio": 0.0212101514373106,
      "Orient": 0.027232544653510316,
      "Havells": 0.04110123064838328,
      "Usha": 0.0,
      "Crompton": 0.11167322066018691,
      "Luminous": 0.0,
      "Bajaj": 0.013855364143444397,
      "Polycab": 0.023797660242065092,
      "V-Guard": 0.03839225223051841,
      "Anchor": 0.0,
      "Panasonic": 0.0
    }
  },
  "sopv": {
    "totals": {
      "Atomberg": 100.41080176915465,
      "Atomberg Renesa": 38.16421790892783,
      "Atomberg Efficio": 0,
      "Atomberg Studio": 3.9417519618187877,
      "Orient": 5.347259062209709,
      "Havells": 8.013765710683247,
      "Usha": 0,
      "Crompton": 22.16260623953813,
      "Luminous": 0,
      "Bajaj": 2.763742807159006,
      "Polycab": 4.746942169133845,
      "V-Guard": 7.658139465279466,
      "Anchor": 0,
      "Panasonic": 0
    },
    "share": {
      "Atomberg": 0.5196998263460388,
      "Atomberg Renesa": 0.197527925984503,
      "Atomberg Efficio": 0.0,
      "Atomberg Studio": 0.02040146850700352,
      "Orient": 0.027676002552459892,
      "Havells": 0.041477137666869036,
      "Usha": 0.0,
      "Crompton": 0.11470780445059453,
      "Luminous": 0.0,
      "Bajaj": 0.01430440382547442,
      "Polycab": 0.024568920649046998,
      "V-Guard": 0.03963651001800971,
      "Anchor": 0.0,
      "Panasonic": 0.0
    }
  },
  "sentiment_breakdown": {
    "Atomberg": {
      "positive": 20,
      "neutral": 0,
      "negative": 29
    },
    "Atomberg Renesa": {
      "positive": 12,
      "neutral": 0,
      "negative": 17
    },
    "Atomberg Efficio": {
      "positive": 0,
      "neutral": 0,
      "negative": 0
    },
    "Atomberg Studio": {
      "positive": 1,
      "neutral": 0,
      "negative": 2
    },
    "Orient": {
      "positive": 2,
      "neutral": 0,
      "negative": 3
    },
    "Havells": {
      "positive": 2,
      "neutral": 0,
      "negative": 2
    },
    "Usha": {
      "positive": 0,
      "neutral": 0,
      "negative": 0
    },
    "Crompton": {
      "positive": 4,
      "neutral": 0,
      "negative": 2
    },
    "Luminous": {
      "positive": 0,
      "neutral": 0,
      "negative": 0
    },
    "Bajaj": {
      "positive": 1,
      "neutral": 0,
      "negative": 0
    },
    "Polycab": {
      "positive": 1,
      "neutral": 0,
      "negative": 2
    },
    "V-Guard": {
      "positive": 1,
      "neutral": 0,
      "negative": 0
    },
    "Anchor": {
      "positive": 0,
      "neutral": 0,
      "negative": 0
    },
    "Panasonic": {
      "positive": 0,
      "neutral": 0,
      "negative": 0
    }
  },
  "top_publishers": [
    {
      "publisher": "SumitYPF",
      "count": 3
    },
    {
      "publisher": "Utpad Unbox",
      "count": 3
    },
    {
      "publisher": "Eric Welander",
      "count": 2
    },
    {
      "publisher": "Atomberg Technologies",
      "count": 2
    },
    {
      "publisher": "Melvin Ruzario",
      "count": 2
    },
    {
      "publisher": "Smart Home Solver",
      "count": 2
    },
    {
      "publisher": "MultiMind Enterprise",
      "count": 2
    },
    {
      "publisher": "Andi Palmer",
      "count": 2
    },
    {
      "publisher": "Tec Timmy",
      "count": 2
    },
    {
      "publisher": "Tech Singh",
      "count": 2
    }
  ]
}